"Bestaande koopwoningen; gemiddelde verkoopprijzen, regio"
""
"";"";"";"Perioden"
"Regio's";"Onderwerp";"";"2023"
"Aa en Hunze";"Gemiddelde verkoopprijs";"euro";"411021"
"Aalburg";"Gemiddelde verkoopprijs";"euro";""
"Aalsmeer";"Gemiddelde verkoopprijs";"euro";"536574"
"Aalten";"Gemiddelde verkoopprijs";"euro";"318710"
"Ter Aar";"Gemiddelde verkoopprijs";"euro";""
"Aarle-Rixtel";"Gemiddelde verkoopprijs";"euro";""
"Abcoude";"Gemiddelde verkoopprijs";"euro";""
"Achtkarspelen";"Gemiddelde verkoopprijs";"euro";"319773"
"Akersloot";"Gemiddelde verkoopprijs";"euro";""
"Alblasserdam";"Gemiddelde verkoopprijs";"euro";"359952"
"Albrandswaard";"Gemiddelde verkoopprijs";"euro";"468361"
"Alkemade";"Gemiddelde verkoopprijs";"euro";""
"Alkmaar";"Gemiddelde verkoopprijs";"euro";"393418"
"Almelo";"Gemiddelde verkoopprijs";"euro";"306698"
"Almere";"Gemiddelde verkoopprijs";"euro";"424531"
"Alphen aan den Rijn";"Gemiddelde verkoopprijs";"euro";"401474"
"Alphen en Riel";"Gemiddelde verkoopprijs";"euro";""
"Alphen-Chaam";"Gemiddelde verkoopprijs";"euro";"461830"
"Altena";"Gemiddelde verkoopprijs";"euro";"404703"
"Ambt Delden";"Gemiddelde verkoopprijs";"euro";""
"Ambt Montfort";"Gemiddelde verkoopprijs";"euro";""
"Ameland";"Gemiddelde verkoopprijs";"euro";"353454"
"Amerongen";"Gemiddelde verkoopprijs";"euro";""
"Amersfoort";"Gemiddelde verkoopprijs";"euro";"466025"
"Ammerzoden";"Gemiddelde verkoopprijs";"euro";""
"Amstelveen";"Gemiddelde verkoopprijs";"euro";"615382"
"Amsterdam";"Gemiddelde verkoopprijs";"euro";"568161"
"Andijk";"Gemiddelde verkoopprijs";"euro";""
"Angerlo";"Gemiddelde verkoopprijs";"euro";""
"Anloo";"Gemiddelde verkoopprijs";"euro";""
"Anna Paulowna";"Gemiddelde verkoopprijs";"euro";""
"Apeldoorn";"Gemiddelde verkoopprijs";"euro";"407625"
"Appingedam";"Gemiddelde verkoopprijs";"euro";""
"Arcen en Velden";"Gemiddelde verkoopprijs";"euro";""
"Arnemuiden";"Gemiddelde verkoopprijs";"euro";""
"Arnhem";"Gemiddelde verkoopprijs";"euro";"369114"
"Assen";"Gemiddelde verkoopprijs";"euro";"334100"
"Asten";"Gemiddelde verkoopprijs";"euro";"439900"
"Avereest";"Gemiddelde verkoopprijs";"euro";""
"Axel";"Gemiddelde verkoopprijs";"euro";""
"Baarle-Nassau";"Gemiddelde verkoopprijs";"euro";"391221"
"Baarn";"Gemiddelde verkoopprijs";"euro";"539068"
"Bakel en Milheeze";"Gemiddelde verkoopprijs";"euro";""
"Barendrecht";"Gemiddelde verkoopprijs";"euro";"466518"
"Barneveld";"Gemiddelde verkoopprijs";"euro";"488905"
"Bathmen";"Gemiddelde verkoopprijs";"euro";""
"Bedum";"Gemiddelde verkoopprijs";"euro";""
"Beek (L.)";"Gemiddelde verkoopprijs";"euro";"331369"
"Beek en Donk";"Gemiddelde verkoopprijs";"euro";""
"Beekdaelen";"Gemiddelde verkoopprijs";"euro";"335685"
"Beemster";"Gemiddelde verkoopprijs";"euro";""
"Beesel";"Gemiddelde verkoopprijs";"euro";"344540"
"Beilen";"Gemiddelde verkoopprijs";"euro";""
"Belfeld";"Gemiddelde verkoopprijs";"euro";""
"Bellingwedde";"Gemiddelde verkoopprijs";"euro";""
"Bemmel";"Gemiddelde verkoopprijs";"euro";""
"Bennebroek";"Gemiddelde verkoopprijs";"euro";""
"Berg en Dal";"Gemiddelde verkoopprijs";"euro";"427618"
"Bergambacht";"Gemiddelde verkoopprijs";"euro";""
"Bergeijk";"Gemiddelde verkoopprijs";"euro";"422328"
"Bergen (L.)";"Gemiddelde verkoopprijs";"euro";"337950"
"Bergen (NH.)";"Gemiddelde verkoopprijs";"euro";"688064"
"Bergen op Zoom";"Gemiddelde verkoopprijs";"euro";"338389"
"Bergeyk";"Gemiddelde verkoopprijs";"euro";""
"Bergh";"Gemiddelde verkoopprijs";"euro";""
"Bergschenhoek";"Gemiddelde verkoopprijs";"euro";""
"Berkel en Rodenrijs";"Gemiddelde verkoopprijs";"euro";""
"Berkel-Enschot";"Gemiddelde verkoopprijs";"euro";""
"Berkelland";"Gemiddelde verkoopprijs";"euro";"401334"
"Berlicum";"Gemiddelde verkoopprijs";"euro";""
"Bernheze";"Gemiddelde verkoopprijs";"euro";"496395"
"Bernisse";"Gemiddelde verkoopprijs";"euro";""
"Best";"Gemiddelde verkoopprijs";"euro";"452216"
"Beuningen";"Gemiddelde verkoopprijs";"euro";"422424"
"Beverwijk";"Gemiddelde verkoopprijs";"euro";"369981"
"het Bildt";"Gemiddelde verkoopprijs";"euro";""
"De Bilt";"Gemiddelde verkoopprijs";"euro";"608049"
"Binnenmaas";"Gemiddelde verkoopprijs";"euro";""
"Bladel";"Gemiddelde verkoopprijs";"euro";"441886"
"Bladel en Netersel";"Gemiddelde verkoopprijs";"euro";""
"Blaricum";"Gemiddelde verkoopprijs";"euro";"1070259"
"Bleiswijk";"Gemiddelde verkoopprijs";"euro";""
"Bloemendaal";"Gemiddelde verkoopprijs";"euro";"1088814"
"Boarnsterhim";"Gemiddelde verkoopprijs";"euro";""
"Bodegraven";"Gemiddelde verkoopprijs";"euro";""
"Bodegraven-Reeuwijk";"Gemiddelde verkoopprijs";"euro";"459624"
"Boekel";"Gemiddelde verkoopprijs";"euro";"445458"
"Ten Boer";"Gemiddelde verkoopprijs";"euro";""
"Bolsward";"Gemiddelde verkoopprijs";"euro";""
"Borculo";"Gemiddelde verkoopprijs";"euro";""
"Borger";"Gemiddelde verkoopprijs";"euro";""
"Borger-Odoorn";"Gemiddelde verkoopprijs";"euro";"345005"
"Born";"Gemiddelde verkoopprijs";"euro";""
"Borne";"Gemiddelde verkoopprijs";"euro";"378701"
"Borsele";"Gemiddelde verkoopprijs";"euro";"337098"
"Boskoop";"Gemiddelde verkoopprijs";"euro";""
"Boxmeer";"Gemiddelde verkoopprijs";"euro";""
"Boxtel";"Gemiddelde verkoopprijs";"euro";"445741"
"Brakel";"Gemiddelde verkoopprijs";"euro";""
"Breda";"Gemiddelde verkoopprijs";"euro";"437260"
"Brederwiede";"Gemiddelde verkoopprijs";"euro";""
"Breukelen";"Gemiddelde verkoopprijs";"euro";""
"Brielle";"Gemiddelde verkoopprijs";"euro";""
"Broekhuizen";"Gemiddelde verkoopprijs";"euro";""
"Bronckhorst";"Gemiddelde verkoopprijs";"euro";"448373"
"Brouwershaven";"Gemiddelde verkoopprijs";"euro";""
"Bruinisse";"Gemiddelde verkoopprijs";"euro";""
"Brummen";"Gemiddelde verkoopprijs";"euro";"381877"
"Brunssum";"Gemiddelde verkoopprijs";"euro";"254101"
"Budel";"Gemiddelde verkoopprijs";"euro";""
"Bunnik";"Gemiddelde verkoopprijs";"euro";"550477"
"Bunschoten";"Gemiddelde verkoopprijs";"euro";"441758"
"Buren";"Gemiddelde verkoopprijs";"euro";"489397"
"Bussum";"Gemiddelde verkoopprijs";"euro";""
"Capelle aan den IJssel";"Gemiddelde verkoopprijs";"euro";"365589"
"Castricum";"Gemiddelde verkoopprijs";"euro";"484354"
"Chaam";"Gemiddelde verkoopprijs";"euro";""
"Coevorden";"Gemiddelde verkoopprijs";"euro";"352000"
"Cothen";"Gemiddelde verkoopprijs";"euro";""
"Cranendonck";"Gemiddelde verkoopprijs";"euro";"401855"
"Cromstrijen";"Gemiddelde verkoopprijs";"euro";""
"Cuijk";"Gemiddelde verkoopprijs";"euro";""
"Culemborg";"Gemiddelde verkoopprijs";"euro";"427235"
"Dalen";"Gemiddelde verkoopprijs";"euro";""
"Dalfsen";"Gemiddelde verkoopprijs";"euro";"453709"
"Dantumadeel";"Gemiddelde verkoopprijs";"euro";""
"Dantumadiel";"Gemiddelde verkoopprijs";"euro";"332254"
"Delft";"Gemiddelde verkoopprijs";"euro";"388177"
"Delfzijl";"Gemiddelde verkoopprijs";"euro";""
"Denekamp";"Gemiddelde verkoopprijs";"euro";""
"Deurne";"Gemiddelde verkoopprijs";"euro";"412143"
"Deventer";"Gemiddelde verkoopprijs";"euro";"367666"
"Didam";"Gemiddelde verkoopprijs";"euro";""
"Diemen";"Gemiddelde verkoopprijs";"euro";"510732"
"Diepenheim";"Gemiddelde verkoopprijs";"euro";""
"Diepenveen";"Gemiddelde verkoopprijs";"euro";""
"Diessen";"Gemiddelde verkoopprijs";"euro";""
"Diever";"Gemiddelde verkoopprijs";"euro";""
"Dijk en Waard";"Gemiddelde verkoopprijs";"euro";"401787"
"Dinkelland";"Gemiddelde verkoopprijs";"euro";"396513"
"Dinteloord en Prinsenland";"Gemiddelde verkoopprijs";"euro";""
"Dinxperlo";"Gemiddelde verkoopprijs";"euro";""
"Dirksland";"Gemiddelde verkoopprijs";"euro";""
"Dodewaard";"Gemiddelde verkoopprijs";"euro";""
"Doesburg";"Gemiddelde verkoopprijs";"euro";"361938"
"Doetinchem";"Gemiddelde verkoopprijs";"euro";"366531"
"Domburg";"Gemiddelde verkoopprijs";"euro";""
"Dongen";"Gemiddelde verkoopprijs";"euro";"407522"
"Dongeradeel";"Gemiddelde verkoopprijs";"euro";""
"Doorn";"Gemiddelde verkoopprijs";"euro";""
"Dordrecht";"Gemiddelde verkoopprijs";"euro";"337051"
"Drechterland";"Gemiddelde verkoopprijs";"euro";"443472"
"Driebergen-Rijsenburg";"Gemiddelde verkoopprijs";"euro";""
"Drimmelen";"Gemiddelde verkoopprijs";"euro";"404271"
"Dronten";"Gemiddelde verkoopprijs";"euro";"391106"
"Drunen";"Gemiddelde verkoopprijs";"euro";""
"Druten";"Gemiddelde verkoopprijs";"euro";"393365"
"Duiveland";"Gemiddelde verkoopprijs";"euro";""
"Duiven";"Gemiddelde verkoopprijs";"euro";"378523"
"Den Dungen";"Gemiddelde verkoopprijs";"euro";""
"Dussen";"Gemiddelde verkoopprijs";"euro";""
"Dwingeloo";"Gemiddelde verkoopprijs";"euro";""
"Echt";"Gemiddelde verkoopprijs";"euro";""
"Echteld";"Gemiddelde verkoopprijs";"euro";""
"Echt-Susteren";"Gemiddelde verkoopprijs";"euro";"323939"
"Edam-Volendam";"Gemiddelde verkoopprijs";"euro";"401690"
"Ede";"Gemiddelde verkoopprijs";"euro";"428788"
"Eelde";"Gemiddelde verkoopprijs";"euro";""
"Eemnes";"Gemiddelde verkoopprijs";"euro";"469958"
"Eemsdelta";"Gemiddelde verkoopprijs";"euro";"258900"
"Eemsmond";"Gemiddelde verkoopprijs";"euro";""
"Eersel";"Gemiddelde verkoopprijs";"euro";"497606"
"Egmond";"Gemiddelde verkoopprijs";"euro";""
"Eibergen";"Gemiddelde verkoopprijs";"euro";""
"Eijsden";"Gemiddelde verkoopprijs";"euro";""
"Eijsden-Margraten";"Gemiddelde verkoopprijs";"euro";"401290"
"Eindhoven";"Gemiddelde verkoopprijs";"euro";"404275"
"Elburg";"Gemiddelde verkoopprijs";"euro";"391847"
"Elst";"Gemiddelde verkoopprijs";"euro";""
"Emmen";"Gemiddelde verkoopprijs";"euro";"297463"
"Enkhuizen";"Gemiddelde verkoopprijs";"euro";"340683"
"Enschede";"Gemiddelde verkoopprijs";"euro";"330955"
"Epe";"Gemiddelde verkoopprijs";"euro";"487968"
"Ermelo";"Gemiddelde verkoopprijs";"euro";"489950"
"Esch";"Gemiddelde verkoopprijs";"euro";""
"Etten-Leur";"Gemiddelde verkoopprijs";"euro";"404599"
"Ferwerderadeel";"Gemiddelde verkoopprijs";"euro";""
"Ferwerderadiel";"Gemiddelde verkoopprijs";"euro";""
"Fijnaart en Heijningen";"Gemiddelde verkoopprijs";"euro";""
"Franekeradeel";"Gemiddelde verkoopprijs";"euro";""
"De Friese Meren";"Gemiddelde verkoopprijs";"euro";""
"De Fryske Marren";"Gemiddelde verkoopprijs";"euro";"363811"
"Gaasterlân-Sleat";"Gemiddelde verkoopprijs";"euro";""
"Gasselte";"Gemiddelde verkoopprijs";"euro";""
"Geertruidenberg";"Gemiddelde verkoopprijs";"euro";"386542"
"Geldermalsen";"Gemiddelde verkoopprijs";"euro";""
"Geldrop";"Gemiddelde verkoopprijs";"euro";""
"Geldrop-Mierlo";"Gemiddelde verkoopprijs";"euro";"434446"
"Geleen";"Gemiddelde verkoopprijs";"euro";""
"Gemert";"Gemiddelde verkoopprijs";"euro";""
"Gemert-Bakel";"Gemiddelde verkoopprijs";"euro";"438779"
"Gendringen";"Gemiddelde verkoopprijs";"euro";""
"Gendt";"Gemiddelde verkoopprijs";"euro";""
"Genemuiden";"Gemiddelde verkoopprijs";"euro";""
"Gennep";"Gemiddelde verkoopprijs";"euro";"381468"
"Giessenlanden";"Gemiddelde verkoopprijs";"euro";""
"Gieten";"Gemiddelde verkoopprijs";"euro";""
"Gilze en Rijen";"Gemiddelde verkoopprijs";"euro";"404290"
"Goedereede";"Gemiddelde verkoopprijs";"euro";""
"Goeree-Overflakkee";"Gemiddelde verkoopprijs";"euro";"386668"
"Goes";"Gemiddelde verkoopprijs";"euro";"344828"
"Goirle";"Gemiddelde verkoopprijs";"euro";"469884"
"Gooise Meren";"Gemiddelde verkoopprijs";"euro";"656361"
"Goor";"Gemiddelde verkoopprijs";"euro";""
"Gorinchem";"Gemiddelde verkoopprijs";"euro";"395739"
"Gorssel";"Gemiddelde verkoopprijs";"euro";""
"Gouda";"Gemiddelde verkoopprijs";"euro";"363025"
"Graafstroom";"Gemiddelde verkoopprijs";"euro";""
"Graft-De Rijp";"Gemiddelde verkoopprijs";"euro";""
"Gramsbergen";"Gemiddelde verkoopprijs";"euro";""
"Grave";"Gemiddelde verkoopprijs";"euro";""
"'s-Graveland";"Gemiddelde verkoopprijs";"euro";""
"'s-Gravendeel";"Gemiddelde verkoopprijs";"euro";""
"'s-Gravenhage (gemeente)";"Gemiddelde verkoopprijs";"euro";"413689"
"'s-Gravenmoer";"Gemiddelde verkoopprijs";"euro";""
"'s-Gravenzande";"Gemiddelde verkoopprijs";"euro";""
"Groenlo";"Gemiddelde verkoopprijs";"euro";""
"Groesbeek";"Gemiddelde verkoopprijs";"euro";""
"Groningen (gemeente)";"Gemiddelde verkoopprijs";"euro";"349931"
"Grootegast";"Gemiddelde verkoopprijs";"euro";""
"Grubbenvorst";"Gemiddelde verkoopprijs";"euro";""
"Gulpen";"Gemiddelde verkoopprijs";"euro";""
"Gulpen-Wittem";"Gemiddelde verkoopprijs";"euro";"355648"
"Haaksbergen";"Gemiddelde verkoopprijs";"euro";"371944"
"Haaren";"Gemiddelde verkoopprijs";"euro";""
"Haarlem";"Gemiddelde verkoopprijs";"euro";"507289"
"Haarlemmerliede en Spaarnwoude";"Gemiddelde verkoopprijs";"euro";""
"Haarlemmermeer";"Gemiddelde verkoopprijs";"euro";"507636"
"Haelen";"Gemiddelde verkoopprijs";"euro";""
"Halderberge";"Gemiddelde verkoopprijs";"euro";"398819"
"Halsteren";"Gemiddelde verkoopprijs";"euro";""
"Den Ham";"Gemiddelde verkoopprijs";"euro";""
"Hardenberg";"Gemiddelde verkoopprijs";"euro";"349124"
"Harderwijk";"Gemiddelde verkoopprijs";"euro";"437767"
"Hardinxveld-Giessendam";"Gemiddelde verkoopprijs";"euro";"374112"
"Haren";"Gemiddelde verkoopprijs";"euro";""
"Harenkarspel";"Gemiddelde verkoopprijs";"euro";""
"Harlingen";"Gemiddelde verkoopprijs";"euro";"298340"
"Harmelen";"Gemiddelde verkoopprijs";"euro";""
"Hasselt";"Gemiddelde verkoopprijs";"euro";""
"Hattem";"Gemiddelde verkoopprijs";"euro";"469519"
"Havelte";"Gemiddelde verkoopprijs";"euro";""
"Hedel";"Gemiddelde verkoopprijs";"euro";""
"Heel";"Gemiddelde verkoopprijs";"euro";""
"Heemskerk";"Gemiddelde verkoopprijs";"euro";"429159"
"Heemstede";"Gemiddelde verkoopprijs";"euro";"708279"
"Heerde";"Gemiddelde verkoopprijs";"euro";"479099"
"Heerenveen";"Gemiddelde verkoopprijs";"euro";"362420"
"Heerewaarden";"Gemiddelde verkoopprijs";"euro";""
"Heerhugowaard";"Gemiddelde verkoopprijs";"euro";""
"Heerjansdam";"Gemiddelde verkoopprijs";"euro";""
"Heerlen";"Gemiddelde verkoopprijs";"euro";"246595"
"Heesch";"Gemiddelde verkoopprijs";"euro";""
"Heeze";"Gemiddelde verkoopprijs";"euro";""
"Heeze-Leende";"Gemiddelde verkoopprijs";"euro";"482660"
"Heiloo";"Gemiddelde verkoopprijs";"euro";"555327"
"Heino";"Gemiddelde verkoopprijs";"euro";""
"Helden";"Gemiddelde verkoopprijs";"euro";""
"Den Helder";"Gemiddelde verkoopprijs";"euro";"262913"
"Hellendoorn";"Gemiddelde verkoopprijs";"euro";"378769"
"Hellevoetsluis";"Gemiddelde verkoopprijs";"euro";""
"Helmond";"Gemiddelde verkoopprijs";"euro";"389050"
"Helvoirt";"Gemiddelde verkoopprijs";"euro";""
"Hendrik-Ido-Ambacht";"Gemiddelde verkoopprijs";"euro";"413446"
"Hengelo (Gld.)";"Gemiddelde verkoopprijs";"euro";""
"Hengelo (O.)";"Gemiddelde verkoopprijs";"euro";"323659"
"'s-Hertogenbosch";"Gemiddelde verkoopprijs";"euro";"443955"
"Heteren";"Gemiddelde verkoopprijs";"euro";""
"Heumen";"Gemiddelde verkoopprijs";"euro";"436401"
"Heusden";"Gemiddelde verkoopprijs";"euro";"445212"
"Heythuysen";"Gemiddelde verkoopprijs";"euro";""
"Hillegom";"Gemiddelde verkoopprijs";"euro";"428285"
"Hilvarenbeek";"Gemiddelde verkoopprijs";"euro";"520360"
"Hilversum";"Gemiddelde verkoopprijs";"euro";"505257"
"Hoeksche Waard";"Gemiddelde verkoopprijs";"euro";"405396"
"Hoevelaken";"Gemiddelde verkoopprijs";"euro";""
"Hoeven";"Gemiddelde verkoopprijs";"euro";""
"Hof van Twente";"Gemiddelde verkoopprijs";"euro";"396306"
"Het Hogeland";"Gemiddelde verkoopprijs";"euro";"285779"
"Hollands Kroon";"Gemiddelde verkoopprijs";"euro";"379619"
"Holten";"Gemiddelde verkoopprijs";"euro";""
"Hontenisse";"Gemiddelde verkoopprijs";"euro";""
"Hooge en Lage Mierde";"Gemiddelde verkoopprijs";"euro";""
"Hooge en Lage Zwaluwe";"Gemiddelde verkoopprijs";"euro";""
"Hoogeloon, Hapert en Casteren";"Gemiddelde verkoopprijs";"euro";""
"Hoogeveen";"Gemiddelde verkoopprijs";"euro";"307248"
"Hoogezand-Sappemeer";"Gemiddelde verkoopprijs";"euro";""
"Hoorn";"Gemiddelde verkoopprijs";"euro";"379412"
"Horst";"Gemiddelde verkoopprijs";"euro";""
"Horst aan de Maas";"Gemiddelde verkoopprijs";"euro";"364033"
"Houten";"Gemiddelde verkoopprijs";"euro";"525070"
"Huijbergen";"Gemiddelde verkoopprijs";"euro";""
"Huissen";"Gemiddelde verkoopprijs";"euro";""
"Huizen";"Gemiddelde verkoopprijs";"euro";"531067"
"Hulst";"Gemiddelde verkoopprijs";"euro";"287857"
"Hummelo en Keppel";"Gemiddelde verkoopprijs";"euro";""
"Hunsel";"Gemiddelde verkoopprijs";"euro";""
"IJsselham";"Gemiddelde verkoopprijs";"euro";""
"IJsselmuiden";"Gemiddelde verkoopprijs";"euro";""
"IJsselstein";"Gemiddelde verkoopprijs";"euro";"475722"
"Jacobswoude";"Gemiddelde verkoopprijs";"euro";""
"Kaag en Braassem";"Gemiddelde verkoopprijs";"euro";"487753"
"Kampen";"Gemiddelde verkoopprijs";"euro";"353228"
"Kapelle";"Gemiddelde verkoopprijs";"euro";"374884"
"Katwijk";"Gemiddelde verkoopprijs";"euro";"467919"
"Kerkrade";"Gemiddelde verkoopprijs";"euro";"242591"
"Kerkwijk";"Gemiddelde verkoopprijs";"euro";""
"Kessel";"Gemiddelde verkoopprijs";"euro";""
"Kesteren";"Gemiddelde verkoopprijs";"euro";""
"Klundert";"Gemiddelde verkoopprijs";"euro";""
"Koggenland";"Gemiddelde verkoopprijs";"euro";"399324"
"Kollumerland en Nieuwkruisland";"Gemiddelde verkoopprijs";"euro";""
"Korendijk";"Gemiddelde verkoopprijs";"euro";""
"Krimpen aan den IJssel";"Gemiddelde verkoopprijs";"euro";"425298"
"Krimpenerwaard";"Gemiddelde verkoopprijs";"euro";"420436"
"Laarbeek";"Gemiddelde verkoopprijs";"euro";"434148"
"Landerd";"Gemiddelde verkoopprijs";"euro";""
"Land van Cuijk";"Gemiddelde verkoopprijs";"euro";"395464"
"Landgraaf";"Gemiddelde verkoopprijs";"euro";"271284"
"Landsmeer";"Gemiddelde verkoopprijs";"euro";"634565"
"Langbroek";"Gemiddelde verkoopprijs";"euro";""
"Langedijk";"Gemiddelde verkoopprijs";"euro";""
"Lansingerland";"Gemiddelde verkoopprijs";"euro";"525887"
"Laren (NH.)";"Gemiddelde verkoopprijs";"euro";"1050433"
"Leek";"Gemiddelde verkoopprijs";"euro";""
"Leende";"Gemiddelde verkoopprijs";"euro";""
"Leerdam";"Gemiddelde verkoopprijs";"euro";""
"Leersum";"Gemiddelde verkoopprijs";"euro";""
"Leeuwarden";"Gemiddelde verkoopprijs";"euro";"294731"
"Leeuwarderadeel";"Gemiddelde verkoopprijs";"euro";""
"Leiden";"Gemiddelde verkoopprijs";"euro";"454317"
"Leiderdorp";"Gemiddelde verkoopprijs";"euro";"460174"
"Leidschendam";"Gemiddelde verkoopprijs";"euro";""
"Leidschendam-Voorburg";"Gemiddelde verkoopprijs";"euro";"446942"
"Lelystad";"Gemiddelde verkoopprijs";"euro";"372216"
"Lemsterland";"Gemiddelde verkoopprijs";"euro";""
"Leudal";"Gemiddelde verkoopprijs";"euro";"361361"
"Leusden";"Gemiddelde verkoopprijs";"euro";"464698"
"Lichtenvoorde";"Gemiddelde verkoopprijs";"euro";""
"Liemeer";"Gemiddelde verkoopprijs";"euro";""
"Liempde";"Gemiddelde verkoopprijs";"euro";""
"Lienden";"Gemiddelde verkoopprijs";"euro";""
"De Lier";"Gemiddelde verkoopprijs";"euro";""
"Lieshout";"Gemiddelde verkoopprijs";"euro";""
"Liesveld";"Gemiddelde verkoopprijs";"euro";""
"Limmen";"Gemiddelde verkoopprijs";"euro";""
"Lingewaal";"Gemiddelde verkoopprijs";"euro";""
"Lingewaard";"Gemiddelde verkoopprijs";"euro";"410498"
"Lisse";"Gemiddelde verkoopprijs";"euro";"448147"
"Lith";"Gemiddelde verkoopprijs";"euro";""
"Littenseradiel";"Gemiddelde verkoopprijs";"euro";""
"Lochem";"Gemiddelde verkoopprijs";"euro";"500226"
"Loenen";"Gemiddelde verkoopprijs";"euro";""
"Loon op Zand";"Gemiddelde verkoopprijs";"euro";"414386"
"Loosdrecht";"Gemiddelde verkoopprijs";"euro";""
"Lopik";"Gemiddelde verkoopprijs";"euro";"450717"
"Loppersum";"Gemiddelde verkoopprijs";"euro";""
"Losser";"Gemiddelde verkoopprijs";"euro";"344779"
"Luyksgestel";"Gemiddelde verkoopprijs";"euro";""
"Maarheeze";"Gemiddelde verkoopprijs";"euro";""
"Maarn";"Gemiddelde verkoopprijs";"euro";""
"Maarssen";"Gemiddelde verkoopprijs";"euro";""
"Maartensdijk";"Gemiddelde verkoopprijs";"euro";""
"Maasbracht";"Gemiddelde verkoopprijs";"euro";""
"Maasbree";"Gemiddelde verkoopprijs";"euro";""
"Maasdonk";"Gemiddelde verkoopprijs";"euro";""
"Maasdriel";"Gemiddelde verkoopprijs";"euro";"448639"
"Maasgouw";"Gemiddelde verkoopprijs";"euro";"344071"
"Maashorst";"Gemiddelde verkoopprijs";"euro";"405092"
"Maasland";"Gemiddelde verkoopprijs";"euro";""
"Maassluis";"Gemiddelde verkoopprijs";"euro";"378651"
"Maastricht";"Gemiddelde verkoopprijs";"euro";"374547"
"Made";"Gemiddelde verkoopprijs";"euro";""
"Made en Drimmelen";"Gemiddelde verkoopprijs";"euro";""
"Margraten";"Gemiddelde verkoopprijs";"euro";""
"Mariekerke";"Gemiddelde verkoopprijs";"euro";""
"Markelo";"Gemiddelde verkoopprijs";"euro";""
"De Marne";"Gemiddelde verkoopprijs";"euro";""
"Marum";"Gemiddelde verkoopprijs";"euro";""
"Maurik";"Gemiddelde verkoopprijs";"euro";""
"Medemblik";"Gemiddelde verkoopprijs";"euro";"406510"
"Meerlo-Wanssum";"Gemiddelde verkoopprijs";"euro";""
"Meerssen";"Gemiddelde verkoopprijs";"euro";"368487"
"Meierijstad";"Gemiddelde verkoopprijs";"euro";"435627"
"Meijel";"Gemiddelde verkoopprijs";"euro";""
"Menaldumadeel";"Gemiddelde verkoopprijs";"euro";""
"Menameradiel";"Gemiddelde verkoopprijs";"euro";""
"Menterwolde";"Gemiddelde verkoopprijs";"euro";""
"Meppel";"Gemiddelde verkoopprijs";"euro";"359845"
"Middelburg (Z.)";"Gemiddelde verkoopprijs";"euro";"345346"
"Middelharnis";"Gemiddelde verkoopprijs";"euro";""
"Midden-Delfland";"Gemiddelde verkoopprijs";"euro";"502410"
"Midden-Drenthe";"Gemiddelde verkoopprijs";"euro";"364967"
"Midden-Groningen";"Gemiddelde verkoopprijs";"euro";"307111"
"Middenschouwen";"Gemiddelde verkoopprijs";"euro";""
"Middenveld";"Gemiddelde verkoopprijs";"euro";""
"Mierlo";"Gemiddelde verkoopprijs";"euro";""
"Mill en Sint Hubert";"Gemiddelde verkoopprijs";"euro";""
"Millingen aan de Rijn";"Gemiddelde verkoopprijs";"euro";""
"Moerdijk";"Gemiddelde verkoopprijs";"euro";"375225"
"Moergestel";"Gemiddelde verkoopprijs";"euro";""
"Molenlanden";"Gemiddelde verkoopprijs";"euro";"404893"
"Molenwaard";"Gemiddelde verkoopprijs";"euro";""
"Monster";"Gemiddelde verkoopprijs";"euro";""
"Montferland";"Gemiddelde verkoopprijs";"euro";"357759"
"Montfoort";"Gemiddelde verkoopprijs";"euro";"478504"
"Mook en Middelaar";"Gemiddelde verkoopprijs";"euro";"456031"
"Moordrecht";"Gemiddelde verkoopprijs";"euro";""
"Muiden";"Gemiddelde verkoopprijs";"euro";""
"Naaldwijk";"Gemiddelde verkoopprijs";"euro";""
"Naarden";"Gemiddelde verkoopprijs";"euro";""
"Neder-Betuwe";"Gemiddelde verkoopprijs";"euro";"410710"
"Nederhorst den Berg";"Gemiddelde verkoopprijs";"euro";""
"Nederlek";"Gemiddelde verkoopprijs";"euro";""
"Nederweert";"Gemiddelde verkoopprijs";"euro";"391462"
"Neede";"Gemiddelde verkoopprijs";"euro";""
"Neerijnen";"Gemiddelde verkoopprijs";"euro";""
"Niedorp";"Gemiddelde verkoopprijs";"euro";""
"Nieuwegein";"Gemiddelde verkoopprijs";"euro";"385704"
"Nieuwerkerk aan den IJssel";"Gemiddelde verkoopprijs";"euro";""
"Nieuw-Ginneken";"Gemiddelde verkoopprijs";"euro";""
"Nieuwkoop";"Gemiddelde verkoopprijs";"euro";"468956"
"Nieuw-Lekkerland";"Gemiddelde verkoopprijs";"euro";""
"Nieuwleusen";"Gemiddelde verkoopprijs";"euro";""
"Nieuw-Vossemeer";"Gemiddelde verkoopprijs";"euro";""
"Nijefurd";"Gemiddelde verkoopprijs";"euro";""
"Nijeveen";"Gemiddelde verkoopprijs";"euro";""
"Nijkerk";"Gemiddelde verkoopprijs";"euro";"478370"
"Nijmegen";"Gemiddelde verkoopprijs";"euro";"396340"
"Nissewaard";"Gemiddelde verkoopprijs";"euro";"335318"
"Noardeast-Fryslân";"Gemiddelde verkoopprijs";"euro";"279101"
"Noord-Beveland";"Gemiddelde verkoopprijs";"euro";"314504"
"Noordenveld";"Gemiddelde verkoopprijs";"euro";"395191"
"Noorder-Koggenland";"Gemiddelde verkoopprijs";"euro";""
"Noordoostpolder";"Gemiddelde verkoopprijs";"euro";"330982"
"Noordwijk";"Gemiddelde verkoopprijs";"euro";"558030"
"Noordwijkerhout";"Gemiddelde verkoopprijs";"euro";""
"Nootdorp";"Gemiddelde verkoopprijs";"euro";""
"Norg";"Gemiddelde verkoopprijs";"euro";""
"Nuenen, Gerwen en Nederwetten";"Gemiddelde verkoopprijs";"euro";"507646"
"Nunspeet";"Gemiddelde verkoopprijs";"euro";"466618"
"Nuth";"Gemiddelde verkoopprijs";"euro";""
"Obdam";"Gemiddelde verkoopprijs";"euro";""
"Odoorn";"Gemiddelde verkoopprijs";"euro";""
"Oegstgeest";"Gemiddelde verkoopprijs";"euro";"554888"
"Oirschot";"Gemiddelde verkoopprijs";"euro";"445409"
"Oisterwijk";"Gemiddelde verkoopprijs";"euro";"548465"
"Oldambt";"Gemiddelde verkoopprijs";"euro";"265561"
"Oldebroek";"Gemiddelde verkoopprijs";"euro";"404930"
"Oldenzaal";"Gemiddelde verkoopprijs";"euro";"352349"
"Olst";"Gemiddelde verkoopprijs";"euro";""
"Olst-Wijhe";"Gemiddelde verkoopprijs";"euro";"392170"
"Ommen";"Gemiddelde verkoopprijs";"euro";"414665"
"Onderbanken";"Gemiddelde verkoopprijs";"euro";""
"Oost Gelre";"Gemiddelde verkoopprijs";"euro";"335834"
"Oost-, West- en Middelbeers";"Gemiddelde verkoopprijs";"euro";""
"Oostburg";"Gemiddelde verkoopprijs";"euro";""
"Oosterhesselen";"Gemiddelde verkoopprijs";"euro";""
"Oosterhout";"Gemiddelde verkoopprijs";"euro";"383798"
"Oostflakkee";"Gemiddelde verkoopprijs";"euro";""
"Ooststellingwerf";"Gemiddelde verkoopprijs";"euro";"340529"
"Oostzaan";"Gemiddelde verkoopprijs";"euro";"512640"
"Ootmarsum";"Gemiddelde verkoopprijs";"euro";""
"Openbaar Lichaam Z.IJ.P.";"Gemiddelde verkoopprijs";"euro";""
"Opmeer";"Gemiddelde verkoopprijs";"euro";"406119"
"Opsterland";"Gemiddelde verkoopprijs";"euro";"356626"
"Oss";"Gemiddelde verkoopprijs";"euro";"391472"
"Ossendrecht";"Gemiddelde verkoopprijs";"euro";""
"Oud en Nieuw Gastel";"Gemiddelde verkoopprijs";"euro";""
"Oud-Beijerland";"Gemiddelde verkoopprijs";"euro";""
"Oude IJsselstreek";"Gemiddelde verkoopprijs";"euro";"340047"
"Oudenbosch";"Gemiddelde verkoopprijs";"euro";""
"Ouder-Amstel";"Gemiddelde verkoopprijs";"euro";"630471"
"Ouderkerk";"Gemiddelde verkoopprijs";"euro";""
"Oudewater";"Gemiddelde verkoopprijs";"euro";"449685"
"Overbetuwe";"Gemiddelde verkoopprijs";"euro";"433469"
"Papendrecht";"Gemiddelde verkoopprijs";"euro";"363336"
"Peel en Maas";"Gemiddelde verkoopprijs";"euro";"371634"
"Peize";"Gemiddelde verkoopprijs";"euro";""
"Pekela";"Gemiddelde verkoopprijs";"euro";"215756"
"Pijnacker";"Gemiddelde verkoopprijs";"euro";""
"Pijnacker-Nootdorp";"Gemiddelde verkoopprijs";"euro";"529527"
"Prinsenbeek";"Gemiddelde verkoopprijs";"euro";""
"Purmerend";"Gemiddelde verkoopprijs";"euro";"418835"
"Putte";"Gemiddelde verkoopprijs";"euro";""
"Putten";"Gemiddelde verkoopprijs";"euro";"525344"
"Raalte";"Gemiddelde verkoopprijs";"euro";"421573"
"Raamsdonk";"Gemiddelde verkoopprijs";"euro";""
"Ravenstein";"Gemiddelde verkoopprijs";"euro";""
"Reeuwijk";"Gemiddelde verkoopprijs";"euro";""
"Reiderland";"Gemiddelde verkoopprijs";"euro";""
"Reimerswaal";"Gemiddelde verkoopprijs";"euro";"309829"
"Renkum";"Gemiddelde verkoopprijs";"euro";"454631"
"Renswoude";"Gemiddelde verkoopprijs";"euro";"419133"
"Reusel";"Gemiddelde verkoopprijs";"euro";""
"Reusel-De Mierden";"Gemiddelde verkoopprijs";"euro";"435659"
"Rheden";"Gemiddelde verkoopprijs";"euro";"393825"
"Rhenen";"Gemiddelde verkoopprijs";"euro";"493055"
"Ridderkerk";"Gemiddelde verkoopprijs";"euro";"339295"
"Riethoven";"Gemiddelde verkoopprijs";"euro";""
"Rijnsburg";"Gemiddelde verkoopprijs";"euro";""
"Rijnwaarden";"Gemiddelde verkoopprijs";"euro";""
"Rijnwoude";"Gemiddelde verkoopprijs";"euro";""
"Rijsbergen";"Gemiddelde verkoopprijs";"euro";""
"Rijssen";"Gemiddelde verkoopprijs";"euro";""
"Rijssen-Holten";"Gemiddelde verkoopprijs";"euro";"390878"
"Rijswijk (ZH.)";"Gemiddelde verkoopprijs";"euro";"385294"
"Roden";"Gemiddelde verkoopprijs";"euro";""
"Roerdalen";"Gemiddelde verkoopprijs";"euro";"330300"
"Roermond";"Gemiddelde verkoopprijs";"euro";"344337"
"Roggel en Neer";"Gemiddelde verkoopprijs";"euro";""
"Rolde";"Gemiddelde verkoopprijs";"euro";""
"De Ronde Venen";"Gemiddelde verkoopprijs";"euro";"510413"
"Roosendaal";"Gemiddelde verkoopprijs";"euro";"342488"
"Roosendaal en Nispen";"Gemiddelde verkoopprijs";"euro";""
"Rosmalen";"Gemiddelde verkoopprijs";"euro";""
"Rossum";"Gemiddelde verkoopprijs";"euro";""
"Rotterdam";"Gemiddelde verkoopprijs";"euro";"383652"
"Rozenburg";"Gemiddelde verkoopprijs";"euro";""
"Rozendaal";"Gemiddelde verkoopprijs";"euro";"739742"
"Rucphen";"Gemiddelde verkoopprijs";"euro";"428608"
"Ruinen";"Gemiddelde verkoopprijs";"euro";""
"Ruinerwold";"Gemiddelde verkoopprijs";"euro";""
"Ruurlo";"Gemiddelde verkoopprijs";"euro";""
"Sas van Gent";"Gemiddelde verkoopprijs";"euro";""
"Sassenheim";"Gemiddelde verkoopprijs";"euro";""
"Schagen";"Gemiddelde verkoopprijs";"euro";"361248"
"Scheemda";"Gemiddelde verkoopprijs";"euro";""
"Schermer";"Gemiddelde verkoopprijs";"euro";""
"Scherpenzeel";"Gemiddelde verkoopprijs";"euro";"445731"
"Schiedam";"Gemiddelde verkoopprijs";"euro";"312009"
"Schiermonnikoog";"Gemiddelde verkoopprijs";"euro";"392520"
"Schijndel";"Gemiddelde verkoopprijs";"euro";""
"Schinnen";"Gemiddelde verkoopprijs";"euro";""
"Schipluiden";"Gemiddelde verkoopprijs";"euro";""
"Schoonebeek";"Gemiddelde verkoopprijs";"euro";""
"Schoonhoven";"Gemiddelde verkoopprijs";"euro";""
"Schoorl";"Gemiddelde verkoopprijs";"euro";""
"Schouwen-Duiveland";"Gemiddelde verkoopprijs";"euro";"426422"
"Sevenum";"Gemiddelde verkoopprijs";"euro";""
"Simpelveld";"Gemiddelde verkoopprijs";"euro";"305913"
"Sint Anthonis";"Gemiddelde verkoopprijs";"euro";""
"Sint-Michielsgestel";"Gemiddelde verkoopprijs";"euro";"508033"
"Sint-Oedenrode";"Gemiddelde verkoopprijs";"euro";""
"Sittard";"Gemiddelde verkoopprijs";"euro";""
"Sittard-Geleen";"Gemiddelde verkoopprijs";"euro";"299110"
"Skarsterlân";"Gemiddelde verkoopprijs";"euro";""
"Sleen";"Gemiddelde verkoopprijs";"euro";""
"Sliedrecht";"Gemiddelde verkoopprijs";"euro";"348242"
"Slochteren";"Gemiddelde verkoopprijs";"euro";""
"Sluis";"Gemiddelde verkoopprijs";"euro";"343411"
"Sluis-Aardenburg";"Gemiddelde verkoopprijs";"euro";""
"Smallingerland";"Gemiddelde verkoopprijs";"euro";"311690"
"Smilde";"Gemiddelde verkoopprijs";"euro";""
"Sneek";"Gemiddelde verkoopprijs";"euro";""
"Soest";"Gemiddelde verkoopprijs";"euro";"496039"
"Someren";"Gemiddelde verkoopprijs";"euro";"410727"
"Son en Breugel";"Gemiddelde verkoopprijs";"euro";"525199"
"Spijkenisse";"Gemiddelde verkoopprijs";"euro";""
"Sprang-Capelle";"Gemiddelde verkoopprijs";"euro";""
"St. Anthonis";"Gemiddelde verkoopprijs";"euro";""
"Stad Delden";"Gemiddelde verkoopprijs";"euro";""
"Stadskanaal";"Gemiddelde verkoopprijs";"euro";"265130"
"Standdaarbuiten";"Gemiddelde verkoopprijs";"euro";""
"Staphorst";"Gemiddelde verkoopprijs";"euro";"348135"
"Stede Broec";"Gemiddelde verkoopprijs";"euro";"361141"
"Steenbergen";"Gemiddelde verkoopprijs";"euro";"340642"
"Steenderen";"Gemiddelde verkoopprijs";"euro";""
"Steenwijk";"Gemiddelde verkoopprijs";"euro";""
"Steenwijkerland";"Gemiddelde verkoopprijs";"euro";"364946"
"Stein (L.)";"Gemiddelde verkoopprijs";"euro";"307129"
"Stichtse Vecht";"Gemiddelde verkoopprijs";"euro";"463136"
"Stramproy";"Gemiddelde verkoopprijs";"euro";""
"Strijen";"Gemiddelde verkoopprijs";"euro";""
"Súdwest-Fryslân";"Gemiddelde verkoopprijs";"euro";"333187"
"Susteren";"Gemiddelde verkoopprijs";"euro";""
"Swalmen";"Gemiddelde verkoopprijs";"euro";""
"Tegelen";"Gemiddelde verkoopprijs";"euro";""
"Terheijden";"Gemiddelde verkoopprijs";"euro";""
"Terneuzen";"Gemiddelde verkoopprijs";"euro";"279351"
"Terschelling";"Gemiddelde verkoopprijs";"euro";"519238"
"Teteringen";"Gemiddelde verkoopprijs";"euro";""
"Texel";"Gemiddelde verkoopprijs";"euro";"435091"
"Teylingen";"Gemiddelde verkoopprijs";"euro";"478659"
"Tholen";"Gemiddelde verkoopprijs";"euro";"301243"
"Thorn";"Gemiddelde verkoopprijs";"euro";""
"Tiel";"Gemiddelde verkoopprijs";"euro";"367705"
"Tilburg";"Gemiddelde verkoopprijs";"euro";"371491"
"Tubbergen";"Gemiddelde verkoopprijs";"euro";"408662"
"Twenterand";"Gemiddelde verkoopprijs";"euro";"338159"
"Tynaarlo";"Gemiddelde verkoopprijs";"euro";"441709"
"Tytsjerksteradiel";"Gemiddelde verkoopprijs";"euro";"327843"
"Ubbergen";"Gemiddelde verkoopprijs";"euro";""
"Uden";"Gemiddelde verkoopprijs";"euro";""
"Udenhout";"Gemiddelde verkoopprijs";"euro";""
"Uitgeest";"Gemiddelde verkoopprijs";"euro";"430433"
"Uithoorn";"Gemiddelde verkoopprijs";"euro";"492522"
"Urk";"Gemiddelde verkoopprijs";"euro";"346323"
"Utrecht (gemeente)";"Gemiddelde verkoopprijs";"euro";"474406"
"Utrechtse Heuvelrug";"Gemiddelde verkoopprijs";"euro";"565002"
"Vaals";"Gemiddelde verkoopprijs";"euro";"339157"
"Valburg";"Gemiddelde verkoopprijs";"euro";""
"Valkenburg (ZH.)";"Gemiddelde verkoopprijs";"euro";""
"Valkenburg aan de Geul";"Gemiddelde verkoopprijs";"euro";"374549"
"Valkenisse";"Gemiddelde verkoopprijs";"euro";""
"Valkenswaard";"Gemiddelde verkoopprijs";"euro";"445032"
"Veendam";"Gemiddelde verkoopprijs";"euro";"269888"
"Veenendaal";"Gemiddelde verkoopprijs";"euro";"393050"
"Veere";"Gemiddelde verkoopprijs";"euro";"450324"
"Veghel";"Gemiddelde verkoopprijs";"euro";""
"Veldhoven";"Gemiddelde verkoopprijs";"euro";"486364"
"Velsen";"Gemiddelde verkoopprijs";"euro";"445225"
"Venhuizen";"Gemiddelde verkoopprijs";"euro";""
"Venlo";"Gemiddelde verkoopprijs";"euro";"318113"
"Venray";"Gemiddelde verkoopprijs";"euro";"369202"
"Vessem, Wintelre en Knegsel";"Gemiddelde verkoopprijs";"euro";""
"Vianen";"Gemiddelde verkoopprijs";"euro";""
"Vierlingsbeek";"Gemiddelde verkoopprijs";"euro";""
"Vijfheerenlanden";"Gemiddelde verkoopprijs";"euro";"411710"
"Vlaardingen";"Gemiddelde verkoopprijs";"euro";"318185"
"Vlagtwedde";"Gemiddelde verkoopprijs";"euro";""
"Vledder";"Gemiddelde verkoopprijs";"euro";""
"Vleuten-De Meern";"Gemiddelde verkoopprijs";"euro";""
"Vlieland";"Gemiddelde verkoopprijs";"euro";"526909"
"Vlijmen";"Gemiddelde verkoopprijs";"euro";""
"Vlissingen";"Gemiddelde verkoopprijs";"euro";"274120"
"Vlist";"Gemiddelde verkoopprijs";"euro";""
"Voerendaal";"Gemiddelde verkoopprijs";"euro";"373016"
"Voorburg";"Gemiddelde verkoopprijs";"euro";""
"Voorhout";"Gemiddelde verkoopprijs";"euro";""
"Voorne aan Zee";"Gemiddelde verkoopprijs";"euro";"433128"
"Voorschoten";"Gemiddelde verkoopprijs";"euro";"534837"
"Voorst";"Gemiddelde verkoopprijs";"euro";"473723"
"Vorden";"Gemiddelde verkoopprijs";"euro";""
"Vries";"Gemiddelde verkoopprijs";"euro";""
"Vriezenveen";"Gemiddelde verkoopprijs";"euro";""
"Vught";"Gemiddelde verkoopprijs";"euro";"606139"
"Waadhoeke";"Gemiddelde verkoopprijs";"euro";"273994"
"Waalre";"Gemiddelde verkoopprijs";"euro";"566029"
"Waalwijk";"Gemiddelde verkoopprijs";"euro";"394820"
"Waddinxveen";"Gemiddelde verkoopprijs";"euro";"395832"
"Wageningen";"Gemiddelde verkoopprijs";"euro";"448168"
"Warmond";"Gemiddelde verkoopprijs";"euro";""
"Warnsveld";"Gemiddelde verkoopprijs";"euro";""
"Waspik";"Gemiddelde verkoopprijs";"euro";""
"Wassenaar";"Gemiddelde verkoopprijs";"euro";"799869"
"Wateringen";"Gemiddelde verkoopprijs";"euro";""
"Waterland";"Gemiddelde verkoopprijs";"euro";"497101"
"Weerselo";"Gemiddelde verkoopprijs";"euro";""
"Weert";"Gemiddelde verkoopprijs";"euro";"354656"
"Weesp";"Gemiddelde verkoopprijs";"euro";""
"Wehl";"Gemiddelde verkoopprijs";"euro";""
"Werkendam";"Gemiddelde verkoopprijs";"euro";""
"Wervershoof";"Gemiddelde verkoopprijs";"euro";""
"West Betuwe";"Gemiddelde verkoopprijs";"euro";"445305"
"West Maas en Waal";"Gemiddelde verkoopprijs";"euro";"421403"
"Westerbork";"Gemiddelde verkoopprijs";"euro";""
"Westerhoven";"Gemiddelde verkoopprijs";"euro";""
"Wester-Koggenland";"Gemiddelde verkoopprijs";"euro";""
"Westerkwartier";"Gemiddelde verkoopprijs";"euro";"343694"
"Westerschouwen";"Gemiddelde verkoopprijs";"euro";""
"Westerveld";"Gemiddelde verkoopprijs";"euro";"423746"
"Westervoort";"Gemiddelde verkoopprijs";"euro";"363393"
"Westerwolde";"Gemiddelde verkoopprijs";"euro";"311773"
"Westkapelle";"Gemiddelde verkoopprijs";"euro";""
"Westland";"Gemiddelde verkoopprijs";"euro";"453597"
"Weststellingwerf";"Gemiddelde verkoopprijs";"euro";"365677"
"Westvoorne";"Gemiddelde verkoopprijs";"euro";""
"Wierden";"Gemiddelde verkoopprijs";"euro";"403015"
"Wieringen";"Gemiddelde verkoopprijs";"euro";""
"Wieringermeer";"Gemiddelde verkoopprijs";"euro";""
"Wijchen";"Gemiddelde verkoopprijs";"euro";"404160"
"Wijdemeren";"Gemiddelde verkoopprijs";"euro";"583088"
"Wijhe";"Gemiddelde verkoopprijs";"euro";""
"De Wijk";"Gemiddelde verkoopprijs";"euro";""
"Wijk bij Duurstede";"Gemiddelde verkoopprijs";"euro";"450410"
"Willemstad";"Gemiddelde verkoopprijs";"euro";""
"Winschoten";"Gemiddelde verkoopprijs";"euro";""
"Winsum";"Gemiddelde verkoopprijs";"euro";""
"Winterswijk";"Gemiddelde verkoopprijs";"euro";"313199"
"Wisch";"Gemiddelde verkoopprijs";"euro";""
"Wittem";"Gemiddelde verkoopprijs";"euro";""
"Woensdrecht";"Gemiddelde verkoopprijs";"euro";"368491"
"Woerden";"Gemiddelde verkoopprijs";"euro";"488926"
"Wognum";"Gemiddelde verkoopprijs";"euro";""
"De Wolden";"Gemiddelde verkoopprijs";"euro";"423009"
"Wormerland";"Gemiddelde verkoopprijs";"euro";"461791"
"Woudenberg";"Gemiddelde verkoopprijs";"euro";"490476"
"Woudrichem";"Gemiddelde verkoopprijs";"euro";""
"Wouw";"Gemiddelde verkoopprijs";"euro";""
"Wûnseradiel";"Gemiddelde verkoopprijs";"euro";""
"Wymbritseradiel";"Gemiddelde verkoopprijs";"euro";""
"Zaanstad";"Gemiddelde verkoopprijs";"euro";"387053"
"Zaltbommel";"Gemiddelde verkoopprijs";"euro";"452933"
"Zandvoort";"Gemiddelde verkoopprijs";"euro";"608461"
"Zederik";"Gemiddelde verkoopprijs";"euro";""
"Zeevang";"Gemiddelde verkoopprijs";"euro";""
"Zeewolde";"Gemiddelde verkoopprijs";"euro";"390515"
"Zeist";"Gemiddelde verkoopprijs";"euro";"545311"
"Zelhem";"Gemiddelde verkoopprijs";"euro";""
"Zevenaar";"Gemiddelde verkoopprijs";"euro";"348727"
"Zevenbergen";"Gemiddelde verkoopprijs";"euro";""
"Zevenhuizen-Moerkapelle";"Gemiddelde verkoopprijs";"euro";""
"Zierikzee";"Gemiddelde verkoopprijs";"euro";""
"Zijpe";"Gemiddelde verkoopprijs";"euro";""
"Zoetermeer";"Gemiddelde verkoopprijs";"euro";"391641"
"Zoeterwoude";"Gemiddelde verkoopprijs";"euro";"492073"
"Zuidhorn";"Gemiddelde verkoopprijs";"euro";""
"Zuidlaren";"Gemiddelde verkoopprijs";"euro";""
"Zuidplas";"Gemiddelde verkoopprijs";"euro";"465092"
"Zuidwolde";"Gemiddelde verkoopprijs";"euro";""
"Zundert";"Gemiddelde verkoopprijs";"euro";"420661"
"Zutphen";"Gemiddelde verkoopprijs";"euro";"365571"
"Zwartewaterland";"Gemiddelde verkoopprijs";"euro";"362612"
"Zwartsluis";"Gemiddelde verkoopprijs";"euro";""
"Zweeloo";"Gemiddelde verkoopprijs";"euro";""
"Zwijndrecht";"Gemiddelde verkoopprijs";"euro";"341125"
"Zwolle";"Gemiddelde verkoopprijs";"euro";"410024"
"Bron: Centraal Bureau voor de Statistiek, Kadaster"
